Year (time)","Geographic Area Name (NAME)","Meaning of Survey Component (SVY_COMP_LABEL)","Meaning of Aggregate Description (AGG_DESC_LABEL)","Meaning of Type of Government (GOVTYPE_LABEL)","Amount (AMOUNT_FORMATTED)"
"1942","Alabama","Government Organization","Total Federal, state, and local government units","State and Local","511"
"1952","Alabama","Government Organization","Total Federal, state, and local government units","State and Local","548"
"1957","Alabama","Government Organization","Total Federal, state, and local government units","State and Local","617"
"1962","Alabama","Government Organization","Total Federal, state, and local government units","State and Local","733"
"1967","Alabama","Government Organization","Total Federal, state, and local government units","State and Local","797"
"1972","Alabama","Government Organization","Total Federal, state, and local government units","State and Local","876"
"1977","Alabama","Government Organization","Total Federal, state, and local government units","State and Local","950"
"1982","Alabama","Government Organization","Total Federal, state, and local government units","State and Local","1,019"
"1987","Alabama","Government Organization","Total Federal, state, and local government units","State and Local","1,054"
"1992","Alabama","Government Organization","Total Federal, state, and local government units","State and Local","1,122"
"1997","Alabama","Government Organization","Total Federal, state, and local government units","State and Local","1,132"
"2002","Alabama","Government Organization","Total Federal, state, and local government units","State and Local","1,172"
"2007","Alabama","Government Organization","Total Federal, state, and local government units","State and Local","1,186"
"2012","Alabama","Government Organization","Total Federal, state, and local government units","State and Local","1,209"
"2017","Alabama","Government Organization","Total Federal, state, and local government units","State and Local","1,196"
"2022","Alabama","Government Organization","Total Federal, state, and local government units","State and Local","1,209"
"1942","Alaska","Government Organization","Total Federal, state, and local government units","State and Local","X"
"1952","Alaska","Government Organization","Total Federal, state, and local government units","State and Local","49"
"1957","Alaska","Government Organization","Total Federal, state, and local government units","State and Local","42"
"1962","Alaska","Government Organization","Total Federal, state, and local government units","State and Local","57"
"1967","Alaska","Government Organization","Total Federal, state, and local government units","State and Local","62"
"1972","Alaska","Government Organization","Total Federal, state, and local government units","State and Local","121"
"1977","Alaska","Government Organization","Total Federal, state, and local government units","State and Local","151"
"1982","Alaska","Government Organization","Total Federal, state, and local government units","State and Local","157"
"1987","Alaska","Government Organization","Total Federal, state, and local government units","State and Local","173"
"1992","Alaska","Government Organization","Total Federal, state, and local government units","State and Local","175"
"1997","Alaska","Government Organization","Total Federal, state, and local government units","State and Local","176"
"2002","Alaska","Government Organization","Total Federal, state, and local government units","State and Local","176"
"2007","Alaska","Government Organization","Total Federal, state, and local government units","State and Local","178"
"2012","Alaska","Government Organization","Total Federal, state, and local government units","State and Local","178"
"2017","Alaska","Government Organization","Total Federal, state, and local government units","State and Local","180"
"2022","Alaska","Government Organization","Total Federal, state, and local government units","State and Local","182"
"1942","Arizona","Government Organization","Total Federal, state, and local government units","State and Local","499"
"1952","Arizona","Government Organization","Total Federal, state, and local government units","State and Local","367"
"1957","Arizona","Government Organization","Total Federal, state, and local government units","State and Local","367"
"1962","Arizona","Government Organization","Total Federal, state, and local government units","State and Local","379"
"1967","Arizona","Government Organization","Total Federal, state, and local government units","State and Local","395"
"1972","Arizona","Government Organization","Total Federal, state, and local government units","State and Local","407"
"1977","Arizona","Government Organization","Total Federal, state, and local government units","State and Local","421"
"1982","Arizona","Government Organization","Total Federal, state, and local government units","State and Local","453"
"1987","Arizona","Government Organization","Total Federal, state, and local government units","State and Local","577"
"1992","Arizona","Government Organization","Total Federal, state, and local government units","State and Local","591"
"1997","Arizona","Government Organization","Total Federal, state, and local government units","State and Local","638"
"2002","Arizona","Government Organization","Total Federal, state, and local government units","State and Local","639"
"2007","Arizona","Government Organization","Total Federal, state, and local government units","State and Local","646"
"2012","Arizona","Government Organization","Total Federal, state, and local government units","State and Local","675"
"2017","Arizona","Government Organization","Total Federal, state, and local government units","State and Local","659"
"2022","Arizona","Government Organization","Total Federal, state, and local government units","State and Local","675"
"1942","Arkansas","Government Organization","Total Federal, state, and local government units","State and Local","3,705"
"1952","Arkansas","Government Organization","Total Federal, state, and local government units","State and Local","1,089"
"1957","Arkansas","Government Organization","Total Federal, state, and local government units","State and Local","1,127"
"1962","Arkansas","Government Organization","Total Federal, state, and local government units","State and Local","1,209"
"1967","Arkansas","Government Organization","Total Federal, state, and local government units","State and Local","1,253"
"1972","Arkansas","Government Organization","Total Federal, state, and local government units","State and Local","1,284"
"1977","Arkansas","Government Organization","Total Federal, state, and local government units","State and Local","1,347"
"1982","Arkansas","Government Organization","Total Federal, state, and local government units","State and Local","1,425"
"1987","Arkansas","Government Organization","Total Federal, state, and local government units","State and Local","1,397"
"1992","Arkansas","Government Organization","Total Federal, state, and local government units","State and Local","1,447"
"1997","Arkansas","Government Organization","Total Federal, state, and local government units","State and Local","1,517"
"2002","Arkansas","Government Organization","Total Federal, state, and local government units","State and Local","1,589"
"2007","Arkansas","Government Organization","Total Federal, state, and local government units","State and Local","1,549"
"2012","Arkansas","Government Organization","Total Federal, state, and local government units","State and Local","1,557"
"2017","Arkansas","Government Organization","Total Federal, state, and local government units","State and Local","1,542"
"2022","Arkansas","Government Organization","Total Federal, state, and local government units","State and Local","1,563"
"1942","California","Government Organization","Total Federal, state, and local government units","State and Local","4,149"
"1952","California","Government Organization","Total Federal, state, and local government units","State and Local","3,764"
"1957","California","Government Organization","Total Federal, state, and local government units","State and Local","3,879"
"1962","California","Government Organization","Total Federal, state, and local government units","State and Local","4,023"
"1967","California","Government Organization","Total Federal, state, and local government units","State and Local","3,865"
"1972","California","Government Organization","Total Federal, state, and local government units","State and Local","3,820"
"1977","California","Government Organization","Total Federal, state, and local government units","State and Local","3,807"
"1982","California","Government Organization","Total Federal, state, and local government units","State and Local","4,103"
"1987","California","Government Organization","Total Federal, state, and local government units","State and Local","4,332"
"1992","California","Government Organization","Total Federal, state, and local government units","State and Local","4,393"
"1997","California","Government Organization","Total Federal, state, and local government units","State and Local","4,608"
"2002","California","Government Organization","Total Federal, state, and local government units","State and Local","4,410"
"2007","California","Government Organization","Total Federal, state, and local government units","State and Local","4,345"
"2012","California","Government Organization","Total Federal, state, and local government units","State and Local","4,426"
"2017","California","Government Organization","Total Federal, state, and local government units","State and Local","4,445"
"2022","California","Government Organization","Total Federal, state, and local government units","State and Local","4,495"
"1942","Colorado","Government Organization","Total Federal, state, and local government units","State and Local","2,358"
"1952","Colorado","Government Organization","Total Federal, state, and local government units","State and Local","1,953"
"1957","Colorado","Government Organization","Total Federal, state, and local government units","State and Local","1,666"
"1962","Colorado","Government Organization","Total Federal, state, and local government units","State and Local","1,194"
"1967","Colorado","Government Organization","Total Federal, state, and local government units","State and Local","1,253"
"1972","Colorado","Government Organization","Total Federal, state, and local government units","State and Local","1,320"
"1977","Colorado","Government Organization","Total Federal, state, and local government units","State and Local","1,460"
"1982","Colorado","Government Organization","Total Federal, state, and local government units","State and Local","1,545"
"1987","Colorado","Government Organization","Total Federal, state, and local government units","State and Local","1,594"
"1992","Colorado","Government Organization","Total Federal, state, and local government units","State and Local","1,761"
"1997","Colorado","Government Organization","Total Federal, state, and local government units","State and Local","1,870"
"2002","Colorado","Government Organization","Total Federal, state, and local government units","State and Local","1,929"
"2007","Colorado","Government Organization","Total Federal, state, and local government units","State and Local","2,417"
"2012","Colorado","Government Organization","Total Federal, state, and local government units","State and Local","2,906"
"2017","Colorado","Government Organization","Total Federal, state, and local government units","State and Local","3,142"
"2022","Colorado","Government Organization","Total Federal, state, and local government units","State and Local","3,716"
"1942","Connecticut","Government Organization","Total Federal, state, and local government units","State and Local","349"
"1952","Connecticut","Government Organization","Total Federal, state, and local government units","State and Local","363"
"1957","Connecticut","Government Organization","Total Federal, state, and local government units","State and Local","384"
"1962","Connecticut","Government Organization","Total Federal, state, and local government units","State and Local","399"
"1967","Connecticut","Government Organization","Total Federal, state, and local government units","State and Local","414"
"1972","Connecticut","Government Organization","Total Federal, state, and local government units","State and Local","429"
"1977","Connecticut","Government Organization","Total Federal, state, and local government units","State and Local","435"
"1982","Connecticut","Government Organization","Total Federal, state, and local government units","State and Local","480"
"1987","Connecticut","Government Organization","Total Federal, state, and local government units","State and Local","478"
"1992","Connecticut","Government Organization","Total Federal, state, and local government units","State and Local","564"
"1997","Connecticut","Government Organization","Total Federal, state, and local government units","State and Local","584"
"2002","Connecticut","Government Organization","Total Federal, state, and local government units","State and Local","581"
"2007","Connecticut","Government Organization","Total Federal, state, and local government units","State and Local","650"
"2012","Connecticut","Government Organization","Total Federal, state, and local government units","State and Local","644"
"2017","Connecticut","Government Organization","Total Federal, state, and local government units","State and Local","626"
"2022","Connecticut","Government Organization","Total Federal, state, and local government units","State and Local","630"
"1942","Delaware","Government Organization","Total Federal, state, and local government units","State and Local","70"
"1952","Delaware","Government Organization","Total Federal, state, and local government units","State and Local","108"
"1957","Delaware","Government Organization","Total Federal, state, and local government units","State and Local","132"
"1962","Delaware","Government Organization","Total Federal, state, and local government units","State and Local","208"
"1967","Delaware","Government Organization","Total Federal, state, and local government units","State and Local","171"
"1972","Delaware","Government Organization","Total Federal, state, and local government units","State and Local","159"
"1977","Delaware","Government Organization","Total Federal, state, and local government units","State and Local","211"
"1982","Delaware","Government Organization","Total Federal, state, and local government units","State and Local","218"
"1987","Delaware","Government Organization","Total Federal, state, and local government units","State and Local","282"
"1992","Delaware","Government Organization","Total Federal, state, and local government units","State and Local","276"
"1997","Delaware","Government Organization","Total Federal, state, and local government units","State and Local","337"
"2002","Delaware","Government Organization","Total Federal, state, and local government units","State and Local","340"
"2007","Delaware","Government Organization","Total Federal, state, and local government units","State and Local","339"
"2012","Delaware","Government Organization","Total Federal, state, and local government units","State and Local","340"
"2017","Delaware","Government Organization","Total Federal, state, and local government units","State and Local","335"
"2022","Delaware","Government Organization","Total Federal, state, and local government units","State and Local","335"
"1942","District of Columbia","Government Organization","Total Federal, state, and local government units","State and Local","2"
"1952","District of Columbia","Government Organization","Total Federal, state, and local government units","State and Local","2"
"1957","District of Columbia","Government Organization","Total Federal, state, and local government units","State and Local","2"
"1962","District of Columbia","Government Organization","Total Federal, state, and local government units","State and Local","2"
"1967","District of Columbia","Government Organization","Total Federal, state, and local government units","State and Local","2"
"1972","District of Columbia","Government Organization","Total Federal, state, and local government units","State and Local","3"
"1977","District of Columbia","Government Organization","Total Federal, state, and local government units","State and Local","2"
"1982","District of Columbia","Government Organization","Total Federal, state, and local government units","State and Local","2"
"1987","District of Columbia","Government Organization","Total Federal, state, and local government units","State and Local","2"
"1992","District of Columbia","Government Organization","Total Federal, state, and local government units","State and Local","2"
"1997","District of Columbia","Government Organization","Total Federal, state, and local government units","State and Local","2"
"2002","District of Columbia","Government Organization","Total Federal, state, and local government units","State and Local","2"
"2007","District of Columbia","Government Organization","Total Federal, state, and local government units","State and Local","2"
"2012","District of Columbia","Government Organization","Total Federal, state, and local government units","State and Local","2"
"2017","District of Columbia","Government Organization","Total Federal, state, and local government units","State and Local","2"
"2022","District of Columbia","Government Organization","Total Federal, state, and local government units","State and Local","2"
"1942","Florida","Government Organization","Total Federal, state, and local government units","State and Local","503"
"1952","Florida","Government Organization","Total Federal, state, and local government units","State and Local","617"
"1957","Florida","Government Organization","Total Federal, state, and local government units","State and Local","672"
"1962","Florida","Government Organization","Total Federal, state, and local government units","State and Local","765"
"1967","Florida","Government Organization","Total Federal, state, and local government units","State and Local","828"
"1972","Florida","Government Organization","Total Federal, state, and local government units","State and Local","866"
"1977","Florida","Government Organization","Total Federal, state, and local government units","State and Local","912"
"1982","Florida","Government Organization","Total Federal, state, and local government units","State and Local","970"
"1987","Florida","Government Organization","Total Federal, state, and local government units","State and Local","966"
"1992","Florida","Government Organization","Total Federal, state, and local government units","State and Local","1,014"
"1997","Florida","Government Organization","Total Federal, state, and local government units","State and Local","1,082"
"2002","Florida","Government Organization","Total Federal, state, and local government units","State and Local","1,192"
"2007","Florida","Government Organization","Total Federal, state, and local government units","State and Local","1,624"
"2012","Florida","Government Organization","Total Federal, state, and local government units","State and Local","1,651"
"2017","Florida","Government Organization","Total Federal, state, and local government units","State and Local","1,713"
"2022","Florida","Government Organization","Total Federal, state, and local government units","State and Local","1,948"
"1942","Georgia","Government Organization","Total Federal, state, and local government units","State and Local","946"
"1952","Georgia","Government Organization","Total Federal, state, and local government units","State and Local","976"
"1957","Georgia","Government Organization","Total Federal, state, and local government units","State and Local","1,121"
"1962","Georgia","Government Organization","Total Federal, state, and local government units","State and Local","1,219"
"1967","Georgia","Government Organization","Total Federal, state, and local government units","State and Local","1,204"
"1972","Georgia","Government Organization","Total Federal, state, and local government units","State and Local","1,244"
"1977","Georgia","Government Organization","Total Federal, state, and local government units","State and Local","1,264"
"1982","Georgia","Government Organization","Total Federal, state, and local government units","State and Local","1,269"
"1987","Georgia","Government Organization","Total Federal, state, and local government units","State and Local","1,287"
"1992","Georgia","Government Organization","Total Federal, state, and local government units","State and Local","1,298"
"1997","Georgia","Government Organization","Total Federal, state, and local government units","State and Local","1,345"
"2002","Georgia","Government Organization","Total Federal, state, and local government units","State and Local","1,449"
"2007","Georgia","Government Organization","Total Federal, state, and local government units","State and Local","1,440"
"2012","Georgia","Government Organization","Total Federal, state, and local government units","State and Local","1,379"
"2017","Georgia","Government Organization","Total Federal, state, and local government units","State and Local","1,381"
"2022","Georgia","Government Organization","Total Federal, state, and local government units","State and Local","1,380"
"1942","Hawaii","Government Organization","Total Federal, state, and local government units","State and Local","X"
"1952","Hawaii","Government Organization","Total Federal, state, and local government units","State and Local","15"
"1957","Hawaii","Government Organization","Total Federal, state, and local government units","State and Local","22"
"1962","Hawaii","Government Organization","Total Federal, state, and local government units","State and Local","21"
"1967","Hawaii","Government Organization","Total Federal, state, and local government units","State and Local","20"
"1972","Hawaii","Government Organization","Total Federal, state, and local government units","State and Local","20"
"1977","Hawaii","Government Organization","Total Federal, state, and local government units","State and Local","20"
"1982","Hawaii","Government Organization","Total Federal, state, and local government units","State and Local","19"
"1987","Hawaii","Government Organization","Total Federal, state, and local government units","State and Local","19"
"1992","Hawaii","Government Organization","Total Federal, state, and local government units","State and Local","21"
"1997","Hawaii","Government Organization","Total Federal, state, and local government units","State and Local","20"
"2002","Hawaii","Government Organization","Total Federal, state, and local government units","State and Local","20"
"2007","Hawaii","Government Organization","Total Federal, state, and local government units","State and Local","20"
"2012","Hawaii","Government Organization","Total Federal, state, and local government units","State and Local","22"
"2017","Hawaii","Government Organization","Total Federal, state, and local government units","State and Local","22"
"2022","Hawaii","Government Organization","Total Federal, state, and local government units","State and Local","22"
"1942","Idaho","Government Organization","Total Federal, state, and local government units","State and Local","1,666"
"1952","Idaho","Government Organization","Total Federal, state, and local government units","State and Local","938"
"1957","Idaho","Government Organization","Total Federal, state, and local government units","State and Local","843"
"1962","Idaho","Government Organization","Total Federal, state, and local government units","State and Local","835"
"1967","Idaho","Government Organization","Total Federal, state, and local government units","State and Local","872"
"1972","Idaho","Government Organization","Total Federal, state, and local government units","State and Local","902"
"1977","Idaho","Government Organization","Total Federal, state, and local government units","State and Local","973"
"1982","Idaho","Government Organization","Total Federal, state, and local government units","State and Local","1,019"
"1987","Idaho","Government Organization","Total Federal, state, and local government units","State and Local","1,066"
"1992","Idaho","Government Organization","Total Federal, state, and local government units","State and Local","1,087"
"1997","Idaho","Government Organization","Total Federal, state, and local government units","State and Local","1,148"
"2002","Idaho","Government Organization","Total Federal, state, and local government units","State and Local","1,159"
"2007","Idaho","Government Organization","Total Federal, state, and local government units","State and Local","1,241"
"2012","Idaho","Government Organization","Total Federal, state, and local government units","State and Local","1,169"
"2017","Idaho","Government Organization","Total Federal, state, and local government units","State and Local","1,171"
"2022","Idaho","Government Organization","Total Federal, state, and local government units","State and Local","1,169"
"1942","Illinois","Government Organization","Total Federal, state, and local government units","State and Local","15,854"
"1952","Illinois","Government Organization","Total Federal, state, and local government units","State and Local","7,723"
"1957","Illinois","Government Organization","Total Federal, state, and local government units","State and Local","6,510"
"1962","Illinois","Government Organization","Total Federal, state, and local government units","State and Local","6,453"
"1967","Illinois","Government Organization","Total Federal, state, and local government units","State and Local","6,454"
"1972","Illinois","Government Organization","Total Federal, state, and local government units","State and Local","6,386"
"1977","Illinois","Government Organization","Total Federal, state, and local government units","State and Local","6,621"
"1982","Illinois","Government Organization","Total Federal, state, and local government units","State and Local","6,468"
"1987","Illinois","Government Organization","Total Federal, state, and local government units","State and Local","6,628"
"1992","Illinois","Government Organization","Total Federal, state, and local government units","State and Local","6,723"
"1997","Illinois","Government Organization","Total Federal, state, and local government units","State and Local","6,836"
"2002","Illinois","Government Organization","Total Federal, state, and local government units","State and Local","6,904"
"2007","Illinois","Government Organization","Total Federal, state, and local government units","State and Local","6,995"
"2012","Illinois","Government Organization","Total Federal, state, and local government units","State and Local","6,964"
"2017","Illinois","Government Organization","Total Federal, state, and local government units","State and Local","6,919"
"2022","Illinois","Government Organization","Total Federal, state, and local government units","State and Local","6,931"
"1942","Indiana","Government Organization","Total Federal, state, and local government units","State and Local","3,043"
"1952","Indiana","Government Organization","Total Federal, state, and local government units","State and Local","3,050"
"1957","Indiana","Government Organization","Total Federal, state, and local government units","State and Local","2,989"
"1962","Indiana","Government Organization","Total Federal, state, and local government units","State and Local","3,092"
"1967","Indiana","Government Organization","Total Federal, state, and local government units","State and Local","2,670"
"1972","Indiana","Government Organization","Total Federal, state, and local government units","State and Local","2,793"
"1977","Indiana","Government Organization","Total Federal, state, and local government units","State and Local","2,855"
"1982","Indiana","Government Organization","Total Federal, state, and local government units","State and Local","2,866"
"1987","Indiana","Government Organization","Total Federal, state, and local government units","State and Local","2,807"
"1992","Indiana","Government Organization","Total Federal, state, and local government units","State and Local","2,899"
"1997","Indiana","Government Organization","Total Federal, state, and local government units","State and Local","3,199"
"2002","Indiana","Government Organization","Total Federal, state, and local government units","State and Local","3,086"
"2007","Indiana","Government Organization","Total Federal, state, and local government units","State and Local","3,232"
"2012","Indiana","Government Organization","Total Federal, state, and local government units","State and Local","2,710"
"2017","Indiana","Government Organization","Total Federal, state, and local government units","State and Local","2,639"
"2022","Indiana","Government Organization","Total Federal, state, and local government units","State and Local","2,649"
"1942","Iowa","Government Organization","Total Federal, state, and local government units","State and Local","7,519"
"1952","Iowa","Government Organization","Total Federal, state, and local government units","State and Local","5,857"
"1957","Iowa","Government Organization","Total Federal, state, and local government units","State and Local","4,906"
"1962","Iowa","Government Organization","Total Federal, state, and local government units","State and Local","2,643"
"1967","Iowa","Government Organization","Total Federal, state, and local government units","State and Local","1,803"
"1972","Iowa","Government Organization","Total Federal, state, and local government units","State and Local","1,819"
"1977","Iowa","Government Organization","Total Federal, state, and local government units","State and Local","1,853"
"1982","Iowa","Government Organization","Total Federal, state, and local government units","State and Local","1,872"
"1987","Iowa","Government Organization","Total Federal, state, and local government units","State and Local","1,878"
"1992","Iowa","Government Organization","Total Federal, state, and local government units","State and Local","1,881"
"1997","Iowa","Government Organization","Total Federal, state, and local government units","State and Local","1,877"
"2002","Iowa","Government Organization","Total Federal, state, and local government units","State and Local","1,976"
"2007","Iowa","Government Organization","Total Federal, state, and local government units","State and Local","1,955"
"2012","Iowa","Government Organization","Total Federal, state, and local government units","State and Local","1,948"
"2017","Iowa","Government Organization","Total Federal, state, and local government units","State and Local","1,942"
"2022","Iowa","Government Organization","Total Federal, state, and local government units","State and Local","1,827"
"1942","Kansas","Government Organization","Total Federal, state, and local government units","State and Local","11,115"
"1952","Kansas","Government Organization","Total Federal, state, and local government units","State and Local","6,933"
"1957","Kansas","Government Organization","Total Federal, state, and local government units","State and Local","6,214"
"1962","Kansas","Government Organization","Total Federal, state, and local government units","State and Local","5,411"
"1967","Kansas","Government Organization","Total Federal, state, and local government units","State and Local","3,669"
"1972","Kansas","Government Organization","Total Federal, state, and local government units","State and Local","3,716"
"1977","Kansas","Government Organization","Total Federal, state, and local government units","State and Local","3,726"
"1982","Kansas","Government Organization","Total Federal, state, and local government units","State and Local","3,796"
"1987","Kansas","Government Organization","Total Federal, state, and local government units","State and Local","3,804"
"1992","Kansas","Government Organization","Total Federal, state, and local government units","State and Local","3,892"
"1997","Kansas","Government Organization","Total Federal, state, and local government units","State and Local","3,951"
"2002","Kansas","Government Organization","Total Federal, state, and local government units","State and Local","3,888"
"2007","Kansas","Government Organization","Total Federal, state, and local government units","State and Local","3,932"
"2012","Kansas","Government Organization","Total Federal, state, and local government units","State and Local","3,827"
"2017","Kansas","Government Organization","Total Federal, state, and local government units","State and Local","3,793"
"2022","Kansas","Government Organization","Total Federal, state, and local government units","State and Local","3,769"
"1942","Kentucky","Government Organization","Total Federal, state, and local government units","State and Local","771"
"1952","Kentucky","Government Organization","Total Federal, state, and local government units","State and Local","796"
"1957","Kentucky","Government Organization","Total Federal, state, and local government units","State and Local","822"
"1962","Kentucky","Government Organization","Total Federal, state, and local government units","State and Local","873"
"1967","Kentucky","Government Organization","Total Federal, state, and local government units","State and Local","953"
"1972","Kentucky","Government Organization","Total Federal, state, and local government units","State and Local","1,136"
"1977","Kentucky","Government Organization","Total Federal, state, and local government units","State and Local","1,184"
"1982","Kentucky","Government Organization","Total Federal, state, and local government units","State and Local","1,242"
"1987","Kentucky","Government Organization","Total Federal, state, and local government units","State and Local","1,304"
"1992","Kentucky","Government Organization","Total Federal, state, and local government units","State and Local","1,321"
"1997","Kentucky","Government Organization","Total Federal, state, and local government units","State and Local","1,367"
"2002","Kentucky","Government Organization","Total Federal, state, and local government units","State and Local","1,440"
"2007","Kentucky","Government Organization","Total Federal, state, and local government units","State and Local","1,347"
"2012","Kentucky","Government Organization","Total Federal, state, and local government units","State and Local","1,339"
"2017","Kentucky","Government Organization","Total Federal, state, and local government units","State and Local","1,323"
"2022","Kentucky","Government Organization","Total Federal, state, and local government units","State and Local","1,308"
"1942","Louisiana","Government Organization","Total Federal, state, and local government units","State and Local","523"
"1952","Louisiana","Government Organization","Total Federal, state, and local government units","State and Local","489"
"1957","Louisiana","Government Organization","Total Federal, state, and local government units","State and Local","584"
"1962","Louisiana","Government Organization","Total Federal, state, and local government units","State and Local","629"
"1967","Louisiana","Government Organization","Total Federal, state, and local government units","State and Local","734"
"1972","Louisiana","Government Organization","Total Federal, state, and local government units","State and Local","835"
"1977","Louisiana","Government Organization","Total Federal, state, and local government units","State and Local","459"
"1982","Louisiana","Government Organization","Total Federal, state, and local government units","State and Local","469"
"1987","Louisiana","Government Organization","Total Federal, state, and local government units","State and Local","453"
"1992","Louisiana","Government Organization","Total Federal, state, and local government units","State and Local","459"
"1997","Louisiana","Government Organization","Total Federal, state, and local government units","State and Local","468"
"2002","Louisiana","Government Organization","Total Federal, state, and local government units","State and Local","474"
"2007","Louisiana","Government Organization","Total Federal, state, and local government units","State and Local","527"
"2012","Louisiana","Government Organization","Total Federal, state, and local government units","State and Local","530"
"2017","Louisiana","Government Organization","Total Federal, state, and local government units","State and Local","517"
"2022","Louisiana","Government Organization","Total Federal, state, and local government units","State and Local","535"
"1942","Maine","Government Organization","Total Federal, state, and local government units","State and Local","584"
"1952","Maine","Government Organization","Total Federal, state, and local government units","State and Local","664"
"1957","Maine","Government Organization","Total Federal, state, and local government units","State and Local","645"
"1962","Maine","Government Organization","Total Federal, state, and local government units","State and Local","659"
"1967","Maine","Government Organization","Total Federal, state, and local government units","State and Local","699"
"1972","Maine","Government Organization","Total Federal, state, and local government units","State and Local","715"
"1977","Maine","Government Organization","Total Federal, state, and local government units","State and Local","780"
"1982","Maine","Government Organization","Total Federal, state, and local government units","State and Local","807"
"1987","Maine","Government Organization","Total Federal, state, and local government units","State and Local","801"
"1992","Maine","Government Organization","Total Federal, state, and local government units","State and Local","797"
"1997","Maine","Government Organization","Total Federal, state, and local government units","State and Local","833"
"2002","Maine","Government Organization","Total Federal, state, and local government units","State and Local","827"
"2007","Maine","Government Organization","Total Federal, state, and local government units","State and Local","851"
"2012","Maine","Government Organization","Total Federal, state, and local government units","State and Local","841"
"2017","Maine","Government Organization","Total Federal, state, and local government units","State and Local","835"
"2022","Maine","Government Organization","Total Federal, state, and local government units","State and Local","829"
"1942","Maryland","Government Organization","Total Federal, state, and local government units","State and Local","207"
"1952","Maryland","Government Organization","Total Federal, state, and local government units","State and Local","328"
"1957","Maryland","Government Organization","Total Federal, state, and local government units","State and Local","328"
"1962","Maryland","Government Organization","Total Federal, state, and local government units","State and Local","352"
"1967","Maryland","Government Organization","Total Federal, state, and local government units","State and Local","362"
"1972","Maryland","Government Organization","Total Federal, state, and local government units","State and Local","404"
"1977","Maryland","Government Organization","Total Federal, state, and local government units","State and Local","427"
"1982","Maryland","Government Organization","Total Federal, state, and local government units","State and Local","440"
"1987","Maryland","Government Organization","Total Federal, state, and local government units","State and Local","402"
"1992","Maryland","Government Organization","Total Federal, state, and local government units","State and Local","402"
"1997","Maryland","Government Organization","Total Federal, state, and local government units","State and Local","421"
"2002","Maryland","Government Organization","Total Federal, state, and local government units","State and Local","266"
"2007","Maryland","Government Organization","Total Federal, state, and local government units","State and Local","257"
"2012","Maryland","Government Organization","Total Federal, state, and local government units","State and Local","348"
"2017","Maryland","Government Organization","Total Federal, state, and local government units","State and Local","345"
"2022","Maryland","Government Organization","Total Federal, state, and local government units","State and Local","343"
"1942","Massachusetts","Government Organization","Total Federal, state, and local government units","State and Local","409"
"1952","Massachusetts","Government Organization","Total Federal, state, and local government units","State and Local","584"
"1957","Massachusetts","Government Organization","Total Federal, state, and local government units","State and Local","573"
"1962","Massachusetts","Government Organization","Total Federal, state, and local government units","State and Local","587"
"1967","Massachusetts","Government Organization","Total Federal, state, and local government units","State and Local","655"
"1972","Massachusetts","Government Organization","Total Federal, state, and local government units","State and Local","683"
"1977","Massachusetts","Government Organization","Total Federal, state, and local government units","State and Local","767"
"1982","Massachusetts","Government Organization","Total Federal, state, and local government units","State and Local","799"
"1987","Massachusetts","Government Organization","Total Federal, state, and local government units","State and Local","837"
"1992","Massachusetts","Government Organization","Total Federal, state, and local government units","State and Local","844"
"1997","Massachusetts","Government Organization","Total Federal, state, and local government units","State and Local","862"
"2002","Massachusetts","Government Organization","Total Federal, state, and local government units","State and Local","842"
"2007","Massachusetts","Government Organization","Total Federal, state, and local government units","State and Local","862"
"2012","Massachusetts","Government Organization","Total Federal, state, and local government units","State and Local","858"
"2017","Massachusetts","Government Organization","Total Federal, state, and local government units","State and Local","859"
"2022","Massachusetts","Government Organization","Total Federal, state, and local government units","State and Local","857"
"1942","Michigan","Government Organization","Total Federal, state, and local government units","State and Local","8,106"
"1952","Michigan","Government Organization","Total Federal, state, and local government units","State and Local","6,766"
"1957","Michigan","Government Organization","Total Federal, state, and local government units","State and Local","5,160"
"1962","Michigan","Government Organization","Total Federal, state, and local government units","State and Local","3,817"
"1967","Michigan","Government Organization","Total Federal, state, and local government units","State and Local","2,904"
"1972","Michigan","Government Organization","Total Federal, state, and local government units","State and Local","2,650"
"1977","Michigan","Government Organization","Total Federal, state, and local government units","State and Local","2,634"
"1982","Michigan","Government Organization","Total Federal, state, and local government units","State and Local","2,644"
"1987","Michigan","Government Organization","Total Federal, state, and local government units","State and Local","2,700"
"1992","Michigan","Government Organization","Total Federal, state, and local government units","State and Local","2,722"
"1997","Michigan","Government Organization","Total Federal, state, and local government units","State and Local","2,776"
"2002","Michigan","Government Organization","Total Federal, state, and local government units","State and Local","2,805"
"2007","Michigan","Government Organization","Total Federal, state, and local government units","State and Local","2,894"
"2012","Michigan","Government Organization","Total Federal, state, and local government units","State and Local","2,876"
"2017","Michigan","Government Organization","Total Federal, state, and local government units","State and Local","2,864"
"2022","Michigan","Government Organization","Total Federal, state, and local government units","State and Local","2,861"
"1942","Minnesota","Government Organization","Total Federal, state, and local government units","State and Local","10,398"
"1952","Minnesota","Government Organization","Total Federal, state, and local government units","State and Local","9,026"
"1957","Minnesota","Government Organization","Total Federal, state, and local government units","State and Local","6,298"
"1962","Minnesota","Government Organization","Total Federal, state, and local government units","State and Local","5,213"
"1967","Minnesota","Government Organization","Total Federal, state, and local government units","State and Local","4,185"
"1972","Minnesota","Government Organization","Total Federal, state, and local government units","State and Local","3,396"
"1977","Minnesota","Government Organization","Total Federal, state, and local government units","State and Local","3,438"
"1982","Minnesota","Government Organization","Total Federal, state, and local government units","State and Local","3,530"
"1987","Minnesota","Government Organization","Total Federal, state, and local government units","State and Local","3,556"
"1992","Minnesota","Government Organization","Total Federal, state, and local government units","State and Local","3,580"
"1997","Minnesota","Government Organization","Total Federal, state, and local government units","State and Local","3,502"
"2002","Minnesota","Government Organization","Total Federal, state, and local government units","State and Local","3,483"
"2007","Minnesota","Government Organization","Total Federal, state, and local government units","State and Local","3,527"
"2012","Minnesota","Government Organization","Total Federal, state, and local government units","State and Local","3,673"
"2017","Minnesota","Government Organization","Total Federal, state, and local government units","State and Local","3,644"
"2022","Minnesota","Government Organization","Total Federal, state, and local government units","State and Local","3,630"
"1942","Mississippi","Government Organization","Total Federal, state, and local government units","State and Local","1,792"
"1952","Mississippi","Government Organization","Total Federal, state, and local government units","State and Local","693"
"1957","Mississippi","Government Organization","Total Federal, state, and local government units","State and Local","672"
"1962","Mississippi","Government Organization","Total Federal, state, and local government units","State and Local","773"
"1967","Mississippi","Government Organization","Total Federal, state, and local government units","State and Local","784"
"1972","Mississippi","Government Organization","Total Federal, state, and local government units","State and Local","797"
"1977","Mississippi","Government Organization","Total Federal, state, and local government units","State and Local","836"
"1982","Mississippi","Government Organization","Total Federal, state, and local government units","State and Local","859"
"1987","Mississippi","Government Organization","Total Federal, state, and local government units","State and Local","854"
"1992","Mississippi","Government Organization","Total Federal, state, and local government units","State and Local","870"
"1997","Mississippi","Government Organization","Total Federal, state, and local government units","State and Local","937"
"2002","Mississippi","Government Organization","Total Federal, state, and local government units","State and Local","1,001"
"2007","Mississippi","Government Organization","Total Federal, state, and local government units","State and Local","1,001"
"2012","Mississippi","Government Organization","Total Federal, state, and local government units","State and Local","984"
"2017","Mississippi","Government Organization","Total Federal, state, and local government units","State and Local","970"
"2022","Mississippi","Government Organization","Total Federal, state, and local government units","State and Local","968"
"1942","Missouri","Government Organization","Total Federal, state, and local government units","State and Local","10,740"
"1952","Missouri","Government Organization","Total Federal, state, and local government units","State and Local","7,002"
"1957","Missouri","Government Organization","Total Federal, state, and local government units","State and Local","5,307"
"1962","Missouri","Government Organization","Total Federal, state, and local government units","State and Local","3,727"
"1967","Missouri","Government Organization","Total Federal, state, and local government units","State and Local","2,918"
"1972","Missouri","Government Organization","Total Federal, state, and local government units","State and Local","2,808"
"1977","Missouri","Government Organization","Total Federal, state, and local government units","State and Local","2,938"
"1982","Missouri","Government Organization","Total Federal, state, and local government units","State and Local","3,118"
"1987","Missouri","Government Organization","Total Federal, state, and local government units","State and Local","3,148"
"1992","Missouri","Government Organization","Total Federal, state, and local government units","State and Local","3,310"
"1997","Missouri","Government Organization","Total Federal, state, and local government units","State and Local","3,417"
"2002","Missouri","Government Organization","Total Federal, state, and local government units","State and Local","3,423"
"2007","Missouri","Government Organization","Total Federal, state, and local government units","State and Local","3,724"
"2012","Missouri","Government Organization","Total Federal, state, and local government units","State and Local","3,769"
"2017","Missouri","Government Organization","Total Federal, state, and local government units","State and Local","3,769"
"2022","Missouri","Government Organization","Total Federal, state, and local government units","State and Local","3,797"
"1942","Montana","Government Organization","Total Federal, state, and local government units","State and Local","2,175"
"1952","Montana","Government Organization","Total Federal, state, and local government units","State and Local","1,598"
"1957","Montana","Government Organization","Total Federal, state, and local government units","State and Local","1,503"
"1962","Montana","Government Organization","Total Federal, state, and local government units","State and Local","1,388"
"1967","Montana","Government Organization","Total Federal, state, and local government units","State and Local","1,104"
"1972","Montana","Government Organization","Total Federal, state, and local government units","State and Local","993"
"1977","Montana","Government Organization","Total Federal, state, and local government units","State and Local","959"
"1982","Montana","Government Organization","Total Federal, state, and local government units","State and Local","1,030"
"1987","Montana","Government Organization","Total Federal, state, and local government units","State and Local","1,244"
"1992","Montana","Government Organization","Total Federal, state, and local government units","State and Local","1,276"
"1997","Montana","Government Organization","Total Federal, state, and local government units","State and Local","1,145"
"2002","Montana","Government Organization","Total Federal, state, and local government units","State and Local","1,128"
"2007","Montana","Government Organization","Total Federal, state, and local government units","State and Local","1,274"
"2012","Montana","Government Organization","Total Federal, state, and local government units","State and Local","1,266"
"2017","Montana","Government Organization","Total Federal, state, and local government units","State and Local","1,227"
"2022","Montana","Government Organization","Total Federal, state, and local government units","State and Local","1,229"
"1942","Nebraska","Government Organization","Total Federal, state, and local government units","State and Local","8,307"
"1952","Nebraska","Government Organization","Total Federal, state, and local government units","State and Local","7,981"
"1957","Nebraska","Government Organization","Total Federal, state, and local government units","State and Local","6,658"
"1962","Nebraska","Government Organization","Total Federal, state, and local government units","State and Local","5,125"
"1967","Nebraska","Government Organization","Total Federal, state, and local government units","State and Local","4,392"
"1972","Nebraska","Government Organization","Total Federal, state, and local government units","State and Local","3,562"
"1977","Nebraska","Government Organization","Total Federal, state, and local government units","State and Local","3,486"
"1982","Nebraska","Government Organization","Total Federal, state, and local government units","State and Local","3,325"
"1987","Nebraska","Government Organization","Total Federal, state, and local government units","State and Local","3,153"
"1992","Nebraska","Government Organization","Total Federal, state, and local government units","State and Local","2,924"
"1997","Nebraska","Government Organization","Total Federal, state, and local government units","State and Local","2,895"
"2002","Nebraska","Government Organization","Total Federal, state, and local government units","State and Local","2,792"
"2007","Nebraska","Government Organization","Total Federal, state, and local government units","State and Local","2,660"
"2012","Nebraska","Government Organization","Total Federal, state, and local government units","State and Local","2,582"
"2017","Nebraska","Government Organization","Total Federal, state, and local government units","State and Local","2,539"
"2022","Nebraska","Government Organization","Total Federal, state, and local government units","State and Local","2,542"
"1942","Nevada","Government Organization","Total Federal, state, and local government units","State and Local","163"
"1952","Nevada","Government Organization","Total Federal, state, and local government units","State and Local","243"
"1957","Nevada","Government Organization","Total Federal, state, and local government units","State and Local","110"
"1962","Nevada","Government Organization","Total Federal, state, and local government units","State and Local","137"
"1967","Nevada","Government Organization","Total Federal, state, and local government units","State and Local","147"
"1972","Nevada","Government Organization","Total Federal, state, and local government units","State and Local","185"
"1977","Nevada","Government Organization","Total Federal, state, and local government units","State and Local","183"
"1982","Nevada","Government Organization","Total Federal, state, and local government units","State and Local","185"
"1987","Nevada","Government Organization","Total Federal, state, and local government units","State and Local","198"
"1992","Nevada","Government Organization","Total Federal, state, and local government units","State and Local","208"
"1997","Nevada","Government Organization","Total Federal, state, and local government units","State and Local","206"
"2002","Nevada","Government Organization","Total Federal, state, and local government units","State and Local","211"
"2007","Nevada","Government Organization","Total Federal, state, and local government units","State and Local","199"
"2012","Nevada","Government Organization","Total Federal, state, and local government units","State and Local","192"
"2017","Nevada","Government Organization","Total Federal, state, and local government units","State and Local","190"
"2022","Nevada","Government Organization","Total Federal, state, and local government units","State and Local","188"
"1942","New Hampshire","Government Organization","Total Federal, state, and local government units","State and Local","546"
"1952","New Hampshire","Government Organization","Total Federal, state, and local government units","State and Local","551"
"1957","New Hampshire","Government Organization","Total Federal, state, and local government units","State and Local","545"
"1962","New Hampshire","Government Organization","Total Federal, state, and local government units","State and Local","551"
"1967","New Hampshire","Government Organization","Total Federal, state, and local government units","State and Local","516"
"1972","New Hampshire","Government Organization","Total Federal, state, and local government units","State and Local","500"
"1977","New Hampshire","Government Organization","Total Federal, state, and local government units","State and Local","507"
"1982","New Hampshire","Government Organization","Total Federal, state, and local government units","State and Local","518"
"1987","New Hampshire","Government Organization","Total Federal, state, and local government units","State and Local","525"
"1992","New Hampshire","Government Organization","Total Federal, state, and local government units","State and Local","528"
"1997","New Hampshire","Government Organization","Total Federal, state, and local government units","State and Local","576"
"2002","New Hampshire","Government Organization","Total Federal, state, and local government units","State and Local","560"
"2007","New Hampshire","Government Organization","Total Federal, state, and local government units","State and Local","546"
"2012","New Hampshire","Government Organization","Total Federal, state, and local government units","State and Local","542"
"2017","New Hampshire","Government Organization","Total Federal, state, and local government units","State and Local","542"
"2022","New Hampshire","Government Organization","Total Federal, state, and local government units","State and Local","539"
"1942","New Jersey","Government Organization","Total Federal, state, and local government units","State and Local","1,143"
"1952","New Jersey","Government Organization","Total Federal, state, and local government units","State and Local","1,151"
"1957","New Jersey","Government Organization","Total Federal, state, and local government units","State and Local","1,217"
"1962","New Jersey","Government Organization","Total Federal, state, and local government units","State and Local","1,396"
"1967","New Jersey","Government Organization","Total Federal, state, and local government units","State and Local","1,422"
"1972","New Jersey","Government Organization","Total Federal, state, and local government units","State and Local","1,457"
"1977","New Jersey","Government Organization","Total Federal, state, and local government units","State and Local","1,518"
"1982","New Jersey","Government Organization","Total Federal, state, and local government units","State and Local","1,592"
"1987","New Jersey","Government Organization","Total Federal, state, and local government units","State and Local","1,626"
"1992","New Jersey","Government Organization","Total Federal, state, and local government units","State and Local","1,513"
"1997","New Jersey","Government Organization","Total Federal, state, and local government units","State and Local","1,422"
"2002","New Jersey","Government Organization","Total Federal, state, and local government units","State and Local","1,413"
"2007","New Jersey","Government Organization","Total Federal, state, and local government units","State and Local","1,384"
"2012","New Jersey","Government Organization","Total Federal, state, and local government units","State and Local","1,345"
"2017","New Jersey","Government Organization","Total Federal, state, and local government units","State and Local","1,339"
"2022","New Jersey","Government Organization","Total Federal, state, and local government units","State and Local","1,329"
"1942","New Mexico","Government Organization","Total Federal, state, and local government units","State and Local","225"
"1952","New Mexico","Government Organization","Total Federal, state, and local government units","State and Local","289"
"1957","New Mexico","Government Organization","Total Federal, state, and local government units","State and Local","317"
"1962","New Mexico","Government Organization","Total Federal, state, and local government units","State and Local","306"
"1967","New Mexico","Government Organization","Total Federal, state, and local government units","State and Local","308"
"1972","New Mexico","Government Organization","Total Federal, state, and local government units","State and Local","310"
"1977","New Mexico","Government Organization","Total Federal, state, and local government units","State and Local","314"
"1982","New Mexico","Government Organization","Total Federal, state, and local government units","State and Local","320"
"1987","New Mexico","Government Organization","Total Federal, state, and local government units","State and Local","332"
"1992","New Mexico","Government Organization","Total Federal, state, and local government units","State and Local","342"
"1997","New Mexico","Government Organization","Total Federal, state, and local government units","State and Local","882"
"2002","New Mexico","Government Organization","Total Federal, state, and local government units","State and Local","859"
"2007","New Mexico","Government Organization","Total Federal, state, and local government units","State and Local","864"
"2012","New Mexico","Government Organization","Total Federal, state, and local government units","State and Local","864"
"2017","New Mexico","Government Organization","Total Federal, state, and local government units","State and Local","1,014"
"2022","New Mexico","Government Organization","Total Federal, state, and local government units","State and Local","1,004"
"1942","New York","Government Organization","Total Federal, state, and local government units","State and Local","8,339"
"1952","New York","Government Organization","Total Federal, state, and local government units","State and Local","5,483"
"1957","New York","Government Organization","Total Federal, state, and local government units","State and Local","4,189"
"1962","New York","Government Organization","Total Federal, state, and local government units","State and Local","3,803"
"1967","New York","Government Organization","Total Federal, state, and local government units","State and Local","3,486"
"1972","New York","Government Organization","Total Federal, state, and local government units","State and Local","3,307"
"1977","New York","Government Organization","Total Federal, state, and local government units","State and Local","3,310"
"1982","New York","Government Organization","Total Federal, state, and local government units","State and Local","3,250"
"1987","New York","Government Organization","Total Federal, state, and local government units","State and Local","3,303"
"1992","New York","Government Organization","Total Federal, state, and local government units","State and Local","3,299"
"1997","New York","Government Organization","Total Federal, state, and local government units","State and Local","3,414"
"2002","New York","Government Organization","Total Federal, state, and local government units","State and Local","3,421"
"2007","New York","Government Organization","Total Federal, state, and local government units","State and Local","3,404"
"2012","New York","Government Organization","Total Federal, state, and local government units","State and Local","3,454"
"2017","New York","Government Organization","Total Federal, state, and local government units","State and Local","3,451"
"2022","New York","Government Organization","Total Federal, state, and local government units","State and Local","3,448"
"1942","North Carolina","Government Organization","Total Federal, state, and local government units","State and Local","603"
"1952","North Carolina","Government Organization","Total Federal, state, and local government units","State and Local","608"
"1957","North Carolina","Government Organization","Total Federal, state, and local government units","State and Local","624"
"1962","North Carolina","Government Organization","Total Federal, state, and local government units","State and Local","676"
"1967","North Carolina","Government Organization","Total Federal, state, and local government units","State and Local","753"
"1972","North Carolina","Government Organization","Total Federal, state, and local government units","State and Local","803"
"1977","North Carolina","Government Organization","Total Federal, state, and local government units","State and Local","875"
"1982","North Carolina","Government Organization","Total Federal, state, and local government units","State and Local","906"
"1987","North Carolina","Government Organization","Total Federal, state, and local government units","State and Local","917"
"1992","North Carolina","Government Organization","Total Federal, state, and local government units","State and Local","938"
"1997","North Carolina","Government Organization","Total Federal, state, and local government units","State and Local","953"
"2002","North Carolina","Government Organization","Total Federal, state, and local government units","State and Local","961"
"2007","North Carolina","Government Organization","Total Federal, state, and local government units","State and Local","964"
"2012","North Carolina","Government Organization","Total Federal, state, and local government units","State and Local","974"
"2017","North Carolina","Government Organization","Total Federal, state, and local government units","State and Local","971"
"2022","North Carolina","Government Organization","Total Federal, state, and local government units","State and Local","966"
"1942","North Dakota","Government Organization","Total Federal, state, and local government units","State and Local","4,066"
"1952","North Dakota","Government Organization","Total Federal, state, and local government units","State and Local","3,968"
"1957","North Dakota","Government Organization","Total Federal, state, and local government units","State and Local","3,968"
"1962","North Dakota","Government Organization","Total Federal, state, and local government units","State and Local","3,029"
"1967","North Dakota","Government Organization","Total Federal, state, and local government units","State and Local","2,758"
"1972","North Dakota","Government Organization","Total Federal, state, and local government units","State and Local","2,727"
"1977","North Dakota","Government Organization","Total Federal, state, and local government units","State and Local","2,708"
"1982","North Dakota","Government Organization","Total Federal, state, and local government units","State and Local","2,796"
"1987","North Dakota","Government Organization","Total Federal, state, and local government units","State and Local","2,788"
"1992","North Dakota","Government Organization","Total Federal, state, and local government units","State and Local","2,765"
"1997","North Dakota","Government Organization","Total Federal, state, and local government units","State and Local","2,759"
"2002","North Dakota","Government Organization","Total Federal, state, and local government units","State and Local","2,736"
"2007","North Dakota","Government Organization","Total Federal, state, and local government units","State and Local","2,700"
"2012","North Dakota","Government Organization","Total Federal, state, and local government units","State and Local","2,686"
"2017","North Dakota","Government Organization","Total Federal, state, and local government units","State and Local","2,665"
"2022","North Dakota","Government Organization","Total Federal, state, and local government units","State and Local","2,571"
"1942","Ohio","Government Organization","Total Federal, state, and local government units","State and Local","4,021"
"1952","Ohio","Government Organization","Total Federal, state, and local government units","State and Local","3,936"
"1957","Ohio","Government Organization","Total Federal, state, and local government units","State and Local","3,667"
"1962","Ohio","Government Organization","Total Federal, state, and local government units","State and Local","3,359"
"1967","Ohio","Government Organization","Total Federal, state, and local government units","State and Local","3,284"
"1972","Ohio","Government Organization","Total Federal, state, and local government units","State and Local","3,260"
"1977","Ohio","Government Organization","Total Federal, state, and local government units","State and Local","3,286"
"1982","Ohio","Government Organization","Total Federal, state, and local government units","State and Local","3,394"
"1987","Ohio","Government Organization","Total Federal, state, and local government units","State and Local","3,378"
"1992","Ohio","Government Organization","Total Federal, state, and local government units","State and Local","3,524"
"1997","Ohio","Government Organization","Total Federal, state, and local government units","State and Local","3,598"
"2002","Ohio","Government Organization","Total Federal, state, and local government units","State and Local","3,637"
"2007","Ohio","Government Organization","Total Federal, state, and local government units","State and Local","3,703"
"2012","Ohio","Government Organization","Total Federal, state, and local government units","State and Local","3,843"
"2017","Ohio","Government Organization","Total Federal, state, and local government units","State and Local","3,898"
"2022","Ohio","Government Organization","Total Federal, state, and local government units","State and Local","3,940"
"1942","Oklahoma","Government Organization","Total Federal, state, and local government units","State and Local","5,100"
"1952","Oklahoma","Government Organization","Total Federal, state, and local government units","State and Local","2,771"
"1957","Oklahoma","Government Organization","Total Federal, state, and local government units","State and Local","2,332"
"1962","Oklahoma","Government Organization","Total Federal, state, and local government units","State and Local","1,960"
"1967","Oklahoma","Government Organization","Total Federal, state, and local government units","State and Local","1,774"
"1972","Oklahoma","Government Organization","Total Federal, state, and local government units","State and Local","1,684"
"1977","Oklahoma","Government Organization","Total Federal, state, and local government units","State and Local","1,676"
"1982","Oklahoma","Government Organization","Total Federal, state, and local government units","State and Local","1,703"
"1987","Oklahoma","Government Organization","Total Federal, state, and local government units","State and Local","1,803"
"1992","Oklahoma","Government Organization","Total Federal, state, and local government units","State and Local","1,795"
"1997","Oklahoma","Government Organization","Total Federal, state, and local government units","State and Local","1,800"
"2002","Oklahoma","Government Organization","Total Federal, state, and local government units","State and Local","1,799"
"2007","Oklahoma","Government Organization","Total Federal, state, and local government units","State and Local","1,881"
"2012","Oklahoma","Government Organization","Total Federal, state, and local government units","State and Local","1,853"
"2017","Oklahoma","Government Organization","Total Federal, state, and local government units","State and Local","1,831"
"2022","Oklahoma","Government Organization","Total Federal, state, and local government units","State and Local","1,841"
"1942","Oregon","Government Organization","Total Federal, state, and local government units","State and Local","2,332"
"1952","Oregon","Government Organization","Total Federal, state, and local government units","State and Local","1,723"
"1957","Oregon","Government Organization","Total Federal, state, and local government units","State and Local","1,526"
"1962","Oregon","Government Organization","Total Federal, state, and local government units","State and Local","1,470"
"1967","Oregon","Government Organization","Total Federal, state, and local government units","State and Local","1,457"
"1972","Oregon","Government Organization","Total Federal, state, and local government units","State and Local","1,447"
"1977","Oregon","Government Organization","Total Federal, state, and local government units","State and Local","1,448"
"1982","Oregon","Government Organization","Total Federal, state, and local government units","State and Local","1,455"
"1987","Oregon","Government Organization","Total Federal, state, and local government units","State and Local","1,503"
"1992","Oregon","Government Organization","Total Federal, state, and local government units","State and Local","1,451"
"1997","Oregon","Government Organization","Total Federal, state, and local government units","State and Local","1,494"
"2002","Oregon","Government Organization","Total Federal, state, and local government units","State and Local","1,440"
"2007","Oregon","Government Organization","Total Federal, state, and local government units","State and Local","1,547"
"2012","Oregon","Government Organization","Total Federal, state, and local government units","State and Local","1,543"
"2017","Oregon","Government Organization","Total Federal, state, and local government units","State and Local","1,511"
"2022","Oregon","Government Organization","Total Federal, state, and local government units","State and Local","1,529"
"1942","Pennsylvania","Government Organization","Total Federal, state, and local government units","State and Local","5,263"
"1952","Pennsylvania","Government Organization","Total Federal, state, and local government units","State and Local","5,156"
"1957","Pennsylvania","Government Organization","Total Federal, state, and local government units","State and Local","5,073"
"1962","Pennsylvania","Government Organization","Total Federal, state, and local government units","State and Local","6,202"
"1967","Pennsylvania","Government Organization","Total Federal, state, and local government units","State and Local","4,999"
"1972","Pennsylvania","Government Organization","Total Federal, state, and local government units","State and Local","4,936"
"1977","Pennsylvania","Government Organization","Total Federal, state, and local government units","State and Local","5,247"
"1982","Pennsylvania","Government Organization","Total Federal, state, and local government units","State and Local","5,199"
"1987","Pennsylvania","Government Organization","Total Federal, state, and local government units","State and Local","4,957"
"1992","Pennsylvania","Government Organization","Total Federal, state, and local government units","State and Local","5,159"
"1997","Pennsylvania","Government Organization","Total Federal, state, and local government units","State and Local","5,071"
"2002","Pennsylvania","Government Organization","Total Federal, state, and local government units","State and Local","5,032"
"2007","Pennsylvania","Government Organization","Total Federal, state, and local government units","State and Local","4,872"
"2012","Pennsylvania","Government Organization","Total Federal, state, and local government units","State and Local","4,898"
"2017","Pennsylvania","Government Organization","Total Federal, state, and local government units","State and Local","4,831"
"2022","Pennsylvania","Government Organization","Total Federal, state, and local government units","State and Local","4,852"
"1942","Rhode Island","Government Organization","Total Federal, state, and local government units","State and Local","54"
"1952","Rhode Island","Government Organization","Total Federal, state, and local government units","State and Local","89"
"1957","Rhode Island","Government Organization","Total Federal, state, and local government units","State and Local","91"
"1962","Rhode Island","Government Organization","Total Federal, state, and local government units","State and Local","98"
"1967","Rhode Island","Government Organization","Total Federal, state, and local government units","State and Local","110"
"1972","Rhode Island","Government Organization","Total Federal, state, and local government units","State and Local","116"
"1977","Rhode Island","Government Organization","Total Federal, state, and local government units","State and Local","121"
"1982","Rhode Island","Government Organization","Total Federal, state, and local government units","State and Local","123"
"1987","Rhode Island","Government Organization","Total Federal, state, and local government units","State and Local","126"
"1992","Rhode Island","Government Organization","Total Federal, state, and local government units","State and Local","126"
"1997","Rhode Island","Government Organization","Total Federal, state, and local government units","State and Local","120"
"2002","Rhode Island","Government Organization","Total Federal, state, and local government units","State and Local","119"
"2007","Rhode Island","Government Organization","Total Federal, state, and local government units","State and Local","135"
"2012","Rhode Island","Government Organization","Total Federal, state, and local government units","State and Local","134"
"2017","Rhode Island","Government Organization","Total Federal, state, and local government units","State and Local","130"
"2022","Rhode Island","Government Organization","Total Federal, state, and local government units","State and Local","128"
"1942","South Carolina","Government Organization","Total Federal, state, and local government units","State and Local","2,057"
"1952","South Carolina","Government Organization","Total Federal, state, and local government units","State and Local","413"
"1957","South Carolina","Government Organization","Total Federal, state, and local government units","State and Local","503"
"1962","South Carolina","Government Organization","Total Federal, state, and local government units","State and Local","553"
"1967","South Carolina","Government Organization","Total Federal, state, and local government units","State and Local","562"
"1972","South Carolina","Government Organization","Total Federal, state, and local government units","State and Local","584"
"1977","South Carolina","Government Organization","Total Federal, state, and local government units","State and Local","586"
"1982","South Carolina","Government Organization","Total Federal, state, and local government units","State and Local","646"
"1987","South Carolina","Government Organization","Total Federal, state, and local government units","State and Local","708"
"1992","South Carolina","Government Organization","Total Federal, state, and local government units","State and Local","698"
"1997","South Carolina","Government Organization","Total Federal, state, and local government units","State and Local","717"
"2002","South Carolina","Government Organization","Total Federal, state, and local government units","State and Local","702"
"2007","South Carolina","Government Organization","Total Federal, state, and local government units","State and Local","699"
"2012","South Carolina","Government Organization","Total Federal, state, and local government units","State and Local","679"
"2017","South Carolina","Government Organization","Total Federal, state, and local government units","State and Local","672"
"2022","South Carolina","Government Organization","Total Federal, state, and local government units","State and Local","667"
"1942","South Dakota","Government Organization","Total Federal, state, and local government units","State and Local","4,919"
"1952","South Dakota","Government Organization","Total Federal, state, and local government units","State and Local","4,917"
"1957","South Dakota","Government Organization","Total Federal, state, and local government units","State and Local","4,808"
"1962","South Dakota","Government Organization","Total Federal, state, and local government units","State and Local","4,464"
"1967","South Dakota","Government Organization","Total Federal, state, and local government units","State and Local","3,511"
"1972","South Dakota","Government Organization","Total Federal, state, and local government units","State and Local","1,771"
"1977","South Dakota","Government Organization","Total Federal, state, and local government units","State and Local","1,728"
"1982","South Dakota","Government Organization","Total Federal, state, and local government units","State and Local","1,768"
"1987","South Dakota","Government Organization","Total Federal, state, and local government units","State and Local","1,763"
"1992","South Dakota","Government Organization","Total Federal, state, and local government units","State and Local","1,786"
"1997","South Dakota","Government Organization","Total Federal, state, and local government units","State and Local","1,811"
"2002","South Dakota","Government Organization","Total Federal, state, and local government units","State and Local","1,867"
"2007","South Dakota","Government Organization","Total Federal, state, and local government units","State and Local","1,984"
"2012","South Dakota","Government Organization","Total Federal, state, and local government units","State and Local","1,984"
"2017","South Dakota","Government Organization","Total Federal, state, and local government units","State and Local","1,917"
"2022","South Dakota","Government Organization","Total Federal, state, and local government units","State and Local","1,901"
"1942","Tennessee","Government Organization","Total Federal, state, and local government units","State and Local","328"
"1952","Tennessee","Government Organization","Total Federal, state, and local government units","State and Local","435"
"1957","Tennessee","Government Organization","Total Federal, state, and local government units","State and Local","560"
"1962","Tennessee","Government Organization","Total Federal, state, and local government units","State and Local","658"
"1967","Tennessee","Government Organization","Total Federal, state, and local government units","State and Local","792"
"1972","Tennessee","Government Organization","Total Federal, state, and local government units","State and Local","882"
"1977","Tennessee","Government Organization","Total Federal, state, and local government units","State and Local","906"
"1982","Tennessee","Government Organization","Total Federal, state, and local government units","State and Local","914"
"1987","Tennessee","Government Organization","Total Federal, state, and local government units","State and Local","905"
"1992","Tennessee","Government Organization","Total Federal, state, and local government units","State and Local","924"
"1997","Tennessee","Government Organization","Total Federal, state, and local government units","State and Local","941"
"2002","Tennessee","Government Organization","Total Federal, state, and local government units","State and Local","931"
"2007","Tennessee","Government Organization","Total Federal, state, and local government units","State and Local","929"
"2012","Tennessee","Government Organization","Total Federal, state, and local government units","State and Local","917"
"2017","Tennessee","Government Organization","Total Federal, state, and local government units","State and Local","907"
"2022","Tennessee","Government Organization","Total Federal, state, and local government units","State and Local","903"
"1942","Texas","Government Organization","Total Federal, state, and local government units","State and Local","7,360"
"1952","Texas","Government Organization","Total Federal, state, and local government units","State and Local","3,963"
"1957","Texas","Government Organization","Total Federal, state, and local government units","State and Local","3,485"
"1962","Texas","Government Organization","Total Federal, state, and local government units","State and Local","3,328"
"1967","Texas","Government Organization","Total Federal, state, and local government units","State and Local","3,447"
"1972","Texas","Government Organization","Total Federal, state, and local government units","State and Local","3,625"
"1977","Texas","Government Organization","Total Federal, state, and local government units","State and Local","3,884"
"1982","Texas","Government Organization","Total Federal, state, and local government units","State and Local","4,181"
"1987","Texas","Government Organization","Total Federal, state, and local government units","State and Local","4,416"
"1992","Texas","Government Organization","Total Federal, state, and local government units","State and Local","4,792"
"1997","Texas","Government Organization","Total Federal, state, and local government units","State and Local","4,701"
"2002","Texas","Government Organization","Total Federal, state, and local government units","State and Local","4,785"
"2007","Texas","Government Organization","Total Federal, state, and local government units","State and Local","4,836"
"2012","Texas","Government Organization","Total Federal, state, and local government units","State and Local","5,148"
"2017","Texas","Government Organization","Total Federal, state, and local government units","State and Local","5,344"
"2022","Texas","Government Organization","Total Federal, state, and local government units","State and Local","5,534"
"1942","Utah","Government Organization","Total Federal, state, and local government units","State and Local","303"
"1952","Utah","Government Organization","Total Federal, state, and local government units","State and Local","385"
"1957","Utah","Government Organization","Total Federal, state, and local government units","State and Local","398"
"1962","Utah","Government Organization","Total Federal, state, and local government units","State and Local","424"
"1967","Utah","Government Organization","Total Federal, state, and local government units","State and Local","446"
"1972","Utah","Government Organization","Total Federal, state, and local government units","State and Local","460"
"1977","Utah","Government Organization","Total Federal, state, and local government units","State and Local","493"
"1982","Utah","Government Organization","Total Federal, state, and local government units","State and Local","505"
"1987","Utah","Government Organization","Total Federal, state, and local government units","State and Local","531"
"1992","Utah","Government Organization","Total Federal, state, and local government units","State and Local","627"
"1997","Utah","Government Organization","Total Federal, state, and local government units","State and Local","684"
"2002","Utah","Government Organization","Total Federal, state, and local government units","State and Local","606"
"2007","Utah","Government Organization","Total Federal, state, and local government units","State and Local","600"
"2012","Utah","Government Organization","Total Federal, state, and local government units","State and Local","623"
"2017","Utah","Government Organization","Total Federal, state, and local government units","State and Local","620"
"2022","Utah","Government Organization","Total Federal, state, and local government units","State and Local","633"
"1942","Vermont","Government Organization","Total Federal, state, and local government units","State and Local","398"
"1952","Vermont","Government Organization","Total Federal, state, and local government units","State and Local","414"
"1957","Vermont","Government Organization","Total Federal, state, and local government units","State and Local","409"
"1962","Vermont","Government Organization","Total Federal, state, and local government units","State and Local","425"
"1967","Vermont","Government Organization","Total Federal, state, and local government units","State and Local","657"
"1972","Vermont","Government Organization","Total Federal, state, and local government units","State and Local","659"
"1977","Vermont","Government Organization","Total Federal, state, and local government units","State and Local","648"
"1982","Vermont","Government Organization","Total Federal, state, and local government units","State and Local","665"
"1987","Vermont","Government Organization","Total Federal, state, and local government units","State and Local","674"
"1992","Vermont","Government Organization","Total Federal, state, and local government units","State and Local","682"
"1997","Vermont","Government Organization","Total Federal, state, and local government units","State and Local","692"
"2002","Vermont","Government Organization","Total Federal, state, and local government units","State and Local","734"
"2007","Vermont","Government Organization","Total Federal, state, and local government units","State and Local","734"
"2012","Vermont","Government Organization","Total Federal, state, and local government units","State and Local","739"
"2017","Vermont","Government Organization","Total Federal, state, and local government units","State and Local","730"
"2022","Vermont","Government Organization","Total Federal, state, and local government units","State and Local","575"
"1942","Virginia","Government Organization","Total Federal, state, and local government units","State and Local","323"
"1952","Virginia","Government Organization","Total Federal, state, and local government units","State and Local","366"
"1957","Virginia","Government Organization","Total Federal, state, and local government units","State and Local","367"
"1962","Virginia","Government Organization","Total Federal, state, and local government units","State and Local","381"
"1967","Virginia","Government Organization","Total Federal, state, and local government units","State and Local","374"
"1972","Virginia","Government Organization","Total Federal, state, and local government units","State and Local","386"
"1977","Virginia","Government Organization","Total Federal, state, and local government units","State and Local","390"
"1982","Virginia","Government Organization","Total Federal, state, and local government units","State and Local","408"
"1987","Virginia","Government Organization","Total Federal, state, and local government units","State and Local","431"
"1992","Virginia","Government Organization","Total Federal, state, and local government units","State and Local","455"
"1997","Virginia","Government Organization","Total Federal, state, and local government units","State and Local","484"
"2002","Virginia","Government Organization","Total Federal, state, and local government units","State and Local","522"
"2007","Virginia","Government Organization","Total Federal, state, and local government units","State and Local","512"
"2012","Virginia","Government Organization","Total Federal, state, and local government units","State and Local","519"
"2017","Virginia","Government Organization","Total Federal, state, and local government units","State and Local","518"
"2022","Virginia","Government Organization","Total Federal, state, and local government units","State and Local","523"
"1942","Washington","Government Organization","Total Federal, state, and local government units","State and Local","1,906"
"1952","Washington","Government Organization","Total Federal, state, and local government units","State and Local","1,539"
"1957","Washington","Government Organization","Total Federal, state, and local government units","State and Local","1,577"
"1962","Washington","Government Organization","Total Federal, state, and local government units","State and Local","1,647"
"1967","Washington","Government Organization","Total Federal, state, and local government units","State and Local","1,653"
"1972","Washington","Government Organization","Total Federal, state, and local government units","State and Local","1,683"
"1977","Washington","Government Organization","Total Federal, state, and local government units","State and Local","1,667"
"1982","Washington","Government Organization","Total Federal, state, and local government units","State and Local","1,735"
"1987","Washington","Government Organization","Total Federal, state, and local government units","State and Local","1,780"
"1992","Washington","Government Organization","Total Federal, state, and local government units","State and Local","1,761"
"1997","Washington","Government Organization","Total Federal, state, and local government units","State and Local","1,813"
"2002","Washington","Government Organization","Total Federal, state, and local government units","State and Local","1,788"
"2007","Washington","Government Organization","Total Federal, state, and local government units","State and Local","1,846"
"2012","Washington","Government Organization","Total Federal, state, and local government units","State and Local","1,901"
"2017","Washington","Government Organization","Total Federal, state, and local government units","State and Local","1,901"
"2022","Washington","Government Organization","Total Federal, state, and local government units","State and Local","1,891"
"1942","West Virginia","Government Organization","Total Federal, state, and local government units","State and Local","326"
"1952","West Virginia","Government Organization","Total Federal, state, and local government units","State and Local","350"
"1957","West Virginia","Government Organization","Total Federal, state, and local government units","State and Local","362"
"1962","West Virginia","Government Organization","Total Federal, state, and local government units","State and Local","390"
"1967","West Virginia","Government Organization","Total Federal, state, and local government units","State and Local","456"
"1972","West Virginia","Government Organization","Total Federal, state, and local government units","State and Local","509"
"1977","West Virginia","Government Organization","Total Federal, state, and local government units","State and Local","596"
"1982","West Virginia","Government Organization","Total Federal, state, and local government units","State and Local","634"
"1987","West Virginia","Government Organization","Total Federal, state, and local government units","State and Local","631"
"1992","West Virginia","Government Organization","Total Federal, state, and local government units","State and Local","692"
"1997","West Virginia","Government Organization","Total Federal, state, and local government units","State and Local","705"
"2002","West Virginia","Government Organization","Total Federal, state, and local government units","State and Local","687"
"2007","West Virginia","Government Organization","Total Federal, state, and local government units","State and Local","664"
"2012","West Virginia","Government Organization","Total Federal, state, and local government units","State and Local","660"
"2017","West Virginia","Government Organization","Total Federal, state, and local government units","State and Local","652"
"2022","West Virginia","Government Organization","Total Federal, state, and local government units","State and Local","640"
"1942","Wisconsin","Government Organization","Total Federal, state, and local government units","State and Local","8,508"
"1952","Wisconsin","Government Organization","Total Federal, state, and local government units","State and Local","7,258"
"1957","Wisconsin","Government Organization","Total Federal, state, and local government units","State and Local","5,731"
"1962","Wisconsin","Government Organization","Total Federal, state, and local government units","State and Local","3,727"
"1967","Wisconsin","Government Organization","Total Federal, state, and local government units","State and Local","2,491"
"1972","Wisconsin","Government Organization","Total Federal, state, and local government units","State and Local","2,449"
"1977","Wisconsin","Government Organization","Total Federal, state, and local government units","State and Local","2,519"
"1982","Wisconsin","Government Organization","Total Federal, state, and local government units","State and Local","2,593"
"1987","Wisconsin","Government Organization","Total Federal, state, and local government units","State and Local","2,720"
"1992","Wisconsin","Government Organization","Total Federal, state, and local government units","State and Local","2,739"
"1997","Wisconsin","Government Organization","Total Federal, state, and local government units","State and Local","3,060"
"2002","Wisconsin","Government Organization","Total Federal, state, and local government units","State and Local","3,049"
"2007","Wisconsin","Government Organization","Total Federal, state, and local government units","State and Local","3,121"
"2012","Wisconsin","Government Organization","Total Federal, state, and local government units","State and Local","3,129"
"2017","Wisconsin","Government Organization","Total Federal, state, and local government units","State and Local","3,097"
"2022","Wisconsin","Government Organization","Total Federal, state, and local government units","State and Local","3,063"
"1942","Wyoming","Government Organization","Total Federal, state, and local government units","State and Local","531"
"1952","Wyoming","Government Organization","Total Federal, state, and local government units","State and Local","519"
"1957","Wyoming","Government Organization","Total Federal, state, and local government units","State and Local","489"
"1962","Wyoming","Government Organization","Total Federal, state, and local government units","State and Local","465"
"1967","Wyoming","Government Organization","Total Federal, state, and local government units","State and Local","473"
"1972","Wyoming","Government Organization","Total Federal, state, and local government units","State and Local","384"
"1977","Wyoming","Government Organization","Total Federal, state, and local government units","State and Local","386"
"1982","Wyoming","Government Organization","Total Federal, state, and local government units","State and Local","396"
"1987","Wyoming","Government Organization","Total Federal, state, and local government units","State and Local","425"
"1992","Wyoming","Government Organization","Total Federal, state, and local government units","State and Local","550"
"1997","Wyoming","Government Organization","Total Federal, state, and local government units","State and Local","655"
"2002","Wyoming","Government Organization","Total Federal, state, and local government units","State and Local","723"
"2007","Wyoming","Government Organization","Total Federal, state, and local government units","State and Local","727"
"2012","Wyoming","Government Organization","Total Federal, state, and local government units","State and Local","806"
"2017","Wyoming","Government Organization","Total Federal, state, and local government units","State and Local","795"
"2022","Wyoming","Government Organization","Total Federal, state, and local government units","State and Local","821"